{
  "accuracy": 0.974609375,
  "F1": 0.9743591304529209,
  "Precision": 0.9733404704899435,
  "Recall": 0.9756225865081761,
  "AUC": 0.9982528055157054
}
