{
  "accuracy": 0.96875,
  "F1": 0.9695986783963377,
  "Precision": 0.9689407969552253,
  "Recall": 0.9704567701816454,
  "AUC": 0.9980569031259439
}
